ID,名称,套装,套装ID,别名,图标,装备类型,武器类型,品质,专属,最小伤害,最大伤害,最小防御,最大防御,力量,敏捷,耐久,等级,品质,抗毒,抗冰,抗电,抗火,伤害加成,加力量,加敏捷,加体力,加精力,加生命,防御加成
,,,,,,,,,,,,,,,,,,,,,,,,,,,,,
1001,大君之怒,,,,Amu3.gif,Amulets,None,Magic,None,,,,,,,,65,,,,12,,,,,,,,
1002,炙天使之韵,,,,D2_amulet1.gif,Amulets,None,Magic,None,,,,,,,,65,,28,,,,,,,,,,
1003,金属网格,,,,D2_amulet1.gif,Amulets,None,Magic,None,,,,,,,,81,,,26,,,,,,,,,
1004,项链,天使之翼,914,,D2_amulet1.gif,Amulets,None,Sets,None,,,,,,,,12,,,,23,,,,,,,75,
1005,项链,阿卡娜的符号,915,,D2_amulet1.gif,Amulets,None,Sets,None,,,,,,,,15,,,,,20,,,,,,,
1006,项链,卡珊的魔咒,908,,Amu1.gif,Amulets,None,Sets,None,,5,,,,,,11,,,,21,,,,,,,,
1007,项链,希弗柏的图案,919,,D2_amulet1.gif,Amulets,None,Sets,None,,,,,,,,9,,,25,,,,,,,,,25
1008,项链,依雷撒的项圈,925,,Amu1.gif,Amulets,None,Sets,None,,,,,,,,15,,30,,,,,,,,,,
1009,项链,坦克雷的怪诞,930,,Amu3.gif,Amulets,None,Sets,None,,,,,,,,20,,,,17,,,,,,,,
1010,项链,维达拉的陷阱,932,,D2_amulet1.gif,Amulets,None,Sets,None,,,,,,,,14,,,20,,,,,,,,15,
1011,项链,述说之珠,931,,D2_amulet1.gif,Amulets,None,Sets,None,8,10,,,,,,30,,35,18,,,,,,,,,
1012,项链,塔拉夏的判决,906,,Talaxceq.gif,Amulets,None,Sets,None,,,,,,,,,,,,33,,17,,,,,50,
1013,拳剑,,,,Katar.gif,Weapon,None,Normal,Assassin,4,7,,,20,20,48,1,1,,,,,,,,,,,
1014,腕刀,,,,Katar.gif,Weapon,None,Normal,Assassin,5,9,,,33,33,52,9,1,,,,,,,,,,,
1015,斧手,,,,Hatcher_Hands.gif,Weapon,None,Normal,Assassin,2,15,,,37,37,56,12,1,,,,,,,,,,,
1016,腰刀,,,,Cestus.gif,Weapon,None,Normal,Assassin,7,15,,,42,42,72,15,1,,,,,,,,,,,
1017,爪,,,,Claws.gif,Weapon,None,Normal,Assassin,8,15,,,46,46,64,18,1,,,,,,,,,,,
1018,刃爪,,,,Claws.gif,Weapon,None,Normal,Assassin,10,14,,,50,50,69,21,1,,,,,,,,,,,
1019,剪咬刃,,,,Scissor_Katar.gif,Weapon,None,Normal,Assassin,9,17,,,55,55,68,24,1,,,,,,,,,,,
1020,格斗刃,,,,Katar.gif,Weapon,None,Normal,Assassin,11,24,,,57,57,48,28,21,,,,,,,,,,,
1021,腕刺,,,,Katar.gif,Weapon,None,Normal,Assassin,13,27,,,66,66,56,32,24,,,,,,,,,,,
1022,格斗爪,,,,Hatcher_Hands.gif,Weapon,None,Normal,Assassin,8,37,,,69,69,64,36,27,,,,,,,,,,,
1023,手镰,,,,Cestus.gif,Weapon,None,Normal,Assassin,16,37,,,73,73,72,41,30,,,,,,,,,,,
1024,巨爪,,,,Claws.gif,Weapon,None,Normal,Assassin,18,37,,,76,76,52,45,33,,,,,,,,,,,
1025,巨鹰爪,,,巴克特的猛击,Claws.gif,Weapon,None,Crafted,Assassin,21,35,,,79,79,69,50,37,,,,,,,,,,,
1026,格斗剪,,,,Scissor_Katar.gif,Weapon,None,Normal,Assassin,19,40,,,82,82,68,54,40,,,,,,,,,,,
1027,近身刃,,,,Katar.gif,Weapon,None,Normal,Assassin,39,52,,,99,99,48,59,44,,,,,,,,,,,
1028,腕剑,,,碧玉爪,Katar.gif,Weapon,None,Crafted,Assassin,34,45,,,105,105,56,62,46,,,,,,,,,,,
1029,战拳,,,,Hatcher_Hands.gif,Weapon,None,Normal,Assassin,44,53,,,108,108,64,68,51,,,,,,,,,,,
1030,斗腰刀,,,影杀者,Cestus.gif,Weapon,None,Crafted,Assassin,36,42,,,110,110,72,73,54,,,,,,,,,,,
1031,猛禽爪,,,火蜥蜴之爪,Claws.gif,Weapon,None,Crafted,Assassin,22,53,,,113,113,52,78,58,,,,,,,,,,,
1032,符文爪,,,,Claws.gif,Weapon,None,Normal,Assassin,24,44,,,115,115,69,81,60,,,,,,,,,,,
1033,近身剪,娜塔亚的标记,902,,Scissor_Katar.gif,Weapon,None,Sets,Assassin,40,51,,,118,118,68,85,64,,,,,245,,,,,,
1034,手斧,,,牙齿,Hand_axe.gif,Weapon,Axes,Rare,None,3,6,,,0,0,28,,3,,,,,,,,,,,
1035,斧,,,死亡之铲,Axe.gif,Weapon,Axes,Rare,None,4,11,,,32,0,24,,7,,,,,,,,,,,
1036,双刃斧,狂战士的手斧,917,肩胛骨,Double_Axe.gif,Weapon,Axes,Sets,None,5,13,,,43,0,24,,13,,,,,,,,,,,
1037,军用锹,坦克雷的鸦嘴钳,930,切开骷髅,Tancredscrowbill.gif,Weapon,Axes,Sets,None,7,11,,,49,33,26,,19,,,,,,,,,,,
1038,巨战斧,,,火锯之伤,War_Axe.gif,Weapon,Axes,Rare,None,10,18,,,67,54,26,,25,,,,,,,,,,,
1039,巨斧,,,费屈玛之斧,Large_Axe.gif,Weapon,Axes,Rare,None,6,13,,,35,,40,,6,,,,,,,,,,,
1040,阔斧,,,血块之铲,Broad_Axe.gif,Weapon,Axes,Normal,None,10,18,,,48,,35,,12,,,,,,,,,,,
1041,战斗斧,,,族长,Battle_axe.gif,Weapon,Axes,Normal,None,12,32,,,54,,40,,17,,,,,,,,,,,
1042,卓越之斧,,,脑袋,Great_axe.gif,Weapon,Axes,Normal,None,9,30,,,63,39,50,,23,,,,,,,,,,,
1043,大斧,,,巨大无比,Giant_Axe.gif,Weapon,Axes,Crafted,None,22,45,,,70,,50,,27,,,,,,,,,,,
1044,小斧,,,冷杀,Hand_axe.gif,Weapon,Axes,Rare,None,10,21,,,25,25,28,29,31,,,,,,,,,,,
1045,切肉斧,,,屠夫之瞳,Axe.gif,Weapon,Axes,Rare,None,10,33,,,68,,24,22,34,,,,,,,,,,,
1046,强化双斧,,,岛击,Double_Axe.gif,Weapon,Axes,Normal,None,13,38,,,85,,24,25,39,,,,,,,,,,,
1047,喙钳,,,庞贝之怒,Military_pick.gif,Weapon,Axes,Normal,None,14,34,,,94,70,26,25,43,,,,,,,,,,,
1048,纳卡,,,蛇神守护者,War_Axe.gif,Weapon,Axes,Rare,None,16,45,,,121,54,26,25,48,,,,,,,,,,,
1049,军斧,,,战爵之证,Large_Axe.gif,Weapon,Axes,Normal,None,14,34,,,73,,30,25,34,,,,,,,,,,,
1050,钩斧,,,钢铁魔咒,Broad_Axe.gif,Weapon,Axes,Rare,None,21,49,,,92,,35,25,38,,,,,,,,,,,
1051,战袍斧,,,暴风骑士,Battle_axe.gif,Weapon,Axes,Rare,None,24,77,,,101,,40,25,42,,,,,,,,,,,
1052,哥德之斧,,,碎骨者之刃,Great_axe.gif,Weapon,Axes,Rare,None,18,70,,,115,79,40,25,46,,,,,,,,,,,
1053,古代之斧,,,牛头怪,Giant_Axe.gif,Weapon,Axes,Rare,None,43,85,,,125,,50,25,51,,,,,,,,,,,
1054,战铖,,,刀锋边缘,Hand_axe.gif,Weapon,Axes,Crafted,None,33,58,,,125,67,28,40,54,,,,,,,,,,,
1055,弯月斧,,,,Axe.gif,Weapon,Axes,Normal,None,38,60,,,115,83,24,45,61,,,,,,,,,,,
1056,双头斧,,,符文大师,Double_Axe.gif,Weapon,Axes,Crafted,None,33,66,,,145,45,24,52,70,,,,,,,,,,,
1057,战刺,,,鹤嘴,Military_pick.gif,Weapon,Axes,Crafted,None,30,48,,,133,54,26,59,79,,,,,,,,,,,
1058,狂战士斧,,,死亡之刀,War_Axe.gif,Weapon,Axes,Crafted,None,24,71,,,138,59,26,64,85,,,,,,,,,,,
1059,猛禽斧,,,,Large_Axe.gif,Weapon,Axes,Normal,None,25,123,,,196,,30,42,57,,,,,,,,,,,
1060,银刃斧,,,永恒边界,Broad_Axe.gif,Weapon,Axes,Crafted,None,62,110,,,166,65,35,48,65,,,,,,,,,,,
1061,斩首斧,,,地狱毁灭者,Battle_axe.gif,Weapon,Axes,Crafted,None,49,137,,,189,33,40,54,73,,,,,,,,,,,
1062,冠军斧,,,希梅斯特的掠夺,Great_axe.gif,Weapon,Axes,Crafted,None,59,94,,,167,59,50,61,82,,,,,,,,,,,
1063,光荣之斧,,,行刑者之裁决,Giant_Axe.gif,Weapon,Axes,Crafted,None,60,124,,,164,55,50,66,85,,,,,,,,,,,
1064,颚骨帽,,,,Jawbonecap.gif,Headgear,None,Normal,Barbarian,,,10,15,25,,25,3,4,,,,,,,,,,,
1065,尖牙盔,,,,Fangedhelm.gif,Headgear,None,Normal,Barbarian,,,15,20,35,,35,6,8,,,,,,,,,,,
1066,角盔,,,,Hornedhelm.gif,Headgear,None,Normal,Barbarian,,,25,30,45,,45,12,16,,,,,,,,,,,
1067,突击盔,,,,Assualthelm.gif,Headgear,None,Normal,Barbarian,,,30,35,55,,50,15,20,,,,,,,,,,,
1068,复仇者之盔,不朽之王的意志,903,,KingYishi.gif,Headgear,None,Sets,Barbarian,,,35,50,65,,55,18,24,,,,,,,,,,,125
1069,颚骨面甲,,,,Jawbonecap.gif,Headgear,None,Normal,Barbarian,,,35,68,58,,25,25,33,,,,,,,,,,,
1070,狮头尖盔,,,,Fangedhelm.gif,Headgear,None,Normal,Barbarian,,,63,75,73,,35,29,38,,,,,,,,,,,
1071,狂怒面具刺盔,,,,Hornedhelm.gif,Headgear,None,Normal,Barbarian,,,78,90,88,,45,29,44,,,,,,,,,,,
1072,蛮族头盔,,,,Assualthelm.gif,Headgear,None,Normal,Barbarian,,,85,98,103,,50,32,49,,,,,,,,,,,
1073,杀手防护面甲,,,亚瑞特的面容,Avengerguard.gif,Headgear,None,Crafted,Barbarian,,,93,120,118,,55,40,54,,,,,,,,,,,
1074,屠杀头盔,,,,Jawbonecap.gif,Headgear,None,Normal,Barbarian,,,102,147,106,,25,45,60,,,,,,,,,,,
1075,暴怒面甲,,,狼嚎,Fangedhelm.gif,Headgear,None,Crafted,Barbarian,,,105,150,129,,35,49,66,,,,,,,,,,,
1076,毁灭者头盔,,,恶魔号角的边缘,Hornedhelm.gif,Headgear,None,Crafted,Barbarian,,,111,156,151,,45,54,73,,,,,,,,,,,
1077,征服者皇冠面甲,,,海拉柏得的国度,Assualthelm.gif,Headgear,None,Crafted,Barbarian,,,114,159,174,,50,60,80,,,,,,,,,,,
1078,守护者皇冠面甲,,,,Avengerguard.gif,Headgear,None,Normal,Barbarian,,,117,168,196,,55,65,85,,,,,,,,,,,
1079,饰带,,,雷尼摩,Sash.gif,Belts,None,Rare,None,,,2,2,,,12,3,,,,,,,,,,,,
1080,轻扣带,,,蛇索,Light_Belt.gif,Belts,None,Rare,None,,,3,3,,,14,7,,,,,,,,,,,,
1081,扣带,华宁的祝福,904,夜烟,Belt.gif,Belts,None,Sets,None,,,5,5,25,,16,12,,,,,,33,,,,,,
1082,重扣带,,,金色包袱,Heavy_Belt.gif,Belts,None,Crafted,None,,,6,6,45,,18,20,,,,,,,,,,,,
1083,金属扣带,,,锋利扣带,Plated_Belt.gif,Belts,None,Crafted,None,,,8,11,60,,24,27,,,,,,,,,,,,
1084,魔皮动带,,,长串之耳,Sash.gif,Belts,None,Crafted,None,,,29,34,20,,12,36,24,,,,,,,,,,,
1085,鲨皮腰带,马维娜的教义,901,剃刀之尾,Mavinastenet.gif,Belts,None,Sets,Amazon,,,31,36,20,,14,39,25,,,,,,,,,,,50
1086,织网腰带,塔拉夏的织细衣服,906,阴影陷阱,TalaxaCloth,Belts,None,Sets,None,,,35,40,58,,16,43,25,,,,,,,20,,,,
1087,战场腰带,,,雪之冲突,Heavy_Belt.gif,Belts,None,Crafted,None,,,37,42,88,,18,49,25,,,,,,,,,,,
1088,巨战腰带,不朽之王的琐事,903,雷神之力,KingThings.gif,Belts,None,Sets,None,,,41,52,110,,24,54,25,,,31,28,,25,,,,,36
1089,蛛网腰带,,,蜘蛛之网,Sash.gif,Belts,None,Crafted,None,,,55,62,50,,12,61,46,,,,,,,,,,,
1090,吸血鬼獠牙腰带,,,吸血圣王之圈,Light_Belt.gif,Belts,None,Crafted,None,,,56,63,50,,14,68,51,,,,,,,,,,,
1091,秘银腰带,信条,931,维尔登戈的心结,Belt.gif,Belts,None,Sets,None,,,58,65,106,,16,75,56,,,,,,10,10,,,,50
1092,洞穴巨魔腰带,塔格奥之束带,905,,TageouDai,Belts,None,Sets,None,,,59,66,151,,18,82,62,,,,,,,,,,66,87
1093,巨神腰带,,,,Plated_Belt.gif,Belts,None,Magic,None,,,61,71,185,,24,85,67,,,,,,,,,,,
1094,布甲,,,薄暮外观,Quilted_Armor.gif,Armor,None,Normal,None,,,8,11,12,,20,1,,,,,,,,,,,,
1095,皮甲,,,眨眼蝙蝠的外观,Leather_Armor.gif,Armor,None,Normal,None,,,14,17,15,,24,3,,,,,,,,,,,,
1096,硬皮甲,,,百夫长,Hard_Leather_Armor.gif,Armor,None,Normal,None,,,21,24,20,,28,5,,,,,,,,,,,,
1097,镶嵌甲,牛魔王之皮,907,抽动的挣扎,Studded_Leather.gif,Armor,None,Sets,None,,,32,35,27,,32,8,,18,18,18,18,,,,,,30,
1098,锁环甲,,,扩散黑暗,Ring_Mail.gif,Armor,None,Rare,None,,,45,48,36,,26,11,,,,,,,,,,,,
1099,鳞甲,,,鹰甲,Scale_Mail.gif,Armor,None,Normal,None,,,57,60,44,,36,13,,,,,,,,,,,,
1100,胸甲,,,毒液牢房,Breast_Plate.gif,Armor,None,Normal,None,,,65,68,30,,50,18,,,,,,,,,,,,
1101,锁子甲,卡珊之网,908,火花之甲,Chain_Mail.gif,Armor,None,Sets,None,,,72,75,48,,45,15,,,,,,,,,,,,
1102,板甲,,,冰雪眨眼,Splint_Mail.gif,Armor,None,Normal,None,,,90,95,51,,30,20,,,,,,,,,,,,
1103,轻型装甲,,,天堂装束,Light_Plate.gif,Armor,None,Normal,None,,,90,107,41,,60,35,,,,,,,,,,,,
1104,实战铠甲,,,石之毛,Field_Plate.gif,Armor,None,Rare,None,,,101,105,55,,48,28,,,,,,,,,,,,
1105,铠甲,,,骨肉,Platemail.gif,Armor,None,Rare,None,,,108,116,65,,60,24,,,,,,,,,,,,
1106,哥德战甲,西刚的遮蔽,929,作响的牢笼,Sigons_Shelter.gif,Armor,None,Sets,None,,,128,135,70,,55,32,,,,30,,,,,,,,
1107,高级战甲,,,黄金之皮,Full_Plate_Mail.gif,Armor,None,Rare,None,,,150,161,80,,70,37,,,,,,,,,,,,
1108,古代装甲,,,胜利者之丝绸,Ancient_Armor.gif,Armor,None,Rare,None,,,218,233,100,,60,40,,,,,,,,,,,,
1109,布甲,,,灵魂帷幕,Quilted_Armor.gif,Armor,None,Rare,None,,,102,117,38,,20,34,22,,,,,,,,,,,
1110,海蛇皮甲,,,蛇魔法师之皮,Leather_Armor.gif,Armor,None,Rare,None,,,111,126,43,,24,36,24,,,,,,,,,,,
1111,魔皮战甲,,,剥皮者之皮,Hard_Leather_Armor.gif,Armor,None,Rare,None,,,122,136,50,,28,40,25,,,,,,,,,,,
1112,攀绕战甲,,,掷铁,Studded_Leather.gif,Armor,None,Rare,None,,,138,153,61,,32,40,25,,,,,,,,,,,
1113,连扣战甲,,,灵魂熔炉,Ring_Mail.gif,Armor,None,Rare,None,,,158,172,74,,26,42,25,,,,,,,,,,,
1114,提格莱特战甲,华宁的保护,904,鸦鸣,Scale_Mail.gif,Armor,None,Sets,None,,,176,190,86,,36,43,25,27,,,,,,,,,100,200
1115,护胸甲,黑摩苏的坚决,922,督瑞尔的壳,Haemosusadament.gif,Armor,None,Sets,None,,,188,202,65,,50,47,25,,,,,,,,,,75,530
1116,织网战甲,,,谢夫特斯坦布,Chain_Mail.gif,Armor,None,Rare,None,,,198,213,92,,45,45,25,,,,,,,,,,,
1117,罗瑟战甲,,,诗寇蒂的愤怒,Splint_Mail.gif,Armor,None,Rare,None,,,225,243,97,,30,49,25,,,,,,,,,,,
1118,法师铠甲,,,魁黑刚的智慧,Light_Plate.gif,Armor,None,Rare,None,,,225,261,55,,60,60,25,,,,,,,,,,,
1119,鲨齿战甲,,,排齿,Field_Plate.gif,Armor,None,Rare,None,,,242,258,103,,48,55,25,,,,,,,,,,,
1120,圣堂武士外袍,,,守护天使,Platemail.gif,Armor,None,Rare,None,,,252,274,118,,60,52,25,,,,,,,,,,,
1121,凸纹战甲,,,亚特玛的哭喊,Gothic_Plate.gif,Armor,None,Rare,None,,,282,303,125,,55,58,25,,,,,,,,,,,
1122,混沌战甲,塔格奥之鳞,905,黑色黑帝斯,TageouLing.gif,Armor,None,Sets,None,,,315,342,140,,70,61,25,,,,,,,,,,,150
1123,华丽战甲,格瑞斯华尔德之心,913,尸体的哀伤,Griswoldsheart.gif,Armor,None,Sets,None,,,417,450,102,,60,45,71,,,,,20,,,,,,500
1124,灰幕寿衣,黑暗信徒,931,奥墨斯的长袍,Quilted_Armor.gif,Armor,None,Sets,None,,,361,467,77,,20,65,49,,,,,,,,,,,360
1125,古龙皮,,,,Leather_Armor.gif,Armor,None,Magic,None,,,364,470,84,,24,67,50,,,,,,,,,,,
1126,圣甲虫壳皮甲,,,,Hard_Leather_Armor.gif,Armor,None,Magic,None,,,369,474,95,,28,68,51,,,,,,,,,,,
1127,绵羊毛甲,,,斗士的祸根,Studded_Leather.gif,Armor,None,Crafted,None,,,375,481,111,,32,70,53,,,,,,,,,,,
1128,钻石锁子甲,,,,Ring_Mail.gif,Armor,None,Magic,None,,,383,489,131,,26,72,54,,,,,,,,,,,
1129,甲壳铠鳞甲,娜塔亚的影子,902,,Natalyasshadow.gif,Armor,None,Sets,Assassin,,,390,496,149,,36,73,55,25,,,,,,,,,99,200
1130,巨形鳞铠胸甲,,,,Breast_Plate.gif,Armor,None,Magic,None,,,395,501,118,,50,75,56,,,,,,,,,,,
1131,骸骨链甲,,,,Chain_Mail.gif,Armor,None,Magic,None,,,399,505,158,,45,62,47,,,,,,,,,,,
1132,炎魔皮板甲,沙撒璧的鬼魂释放者,909,阿凯尼的荣耀,Sazabis_Ghost_Liberator.gif,Armor,None,Sets,None,,,410,524,103,,30,84,63,,,,,,25,,,,60,400
1133,执政官之甲,,,,Light_Plate.gif,Armor,None,Magic,None,,,410,524,103,,60,84,63,,,,,,,,,,,
1134,海妖壳甲,马维娜的拥抱,901,海王利维亚桑,Mavinasembrace.gif,Armor,None,Sets,Amazon,,,417,523,174,,48,81,59,,,,,,,,,,,350
1135,地狱锻甲,娜吉的轻铠甲,910,,Platemail.gif,Armor,None,Sets,None,,,421,530,196,,60,78,59,25,25,25,25,,,,,,65,300
1136,漆甲,塔拉夏的守护,906,,TalaxaDef.gif,Armor,None,Sets,None,,,433,451,208,,55,82,62,,40,40,40,,,,,,,400
1137,阴影铠甲,艾尔多的欺瞒,911,钢铁铠甲,Aldursdeception.gif,Armor,None,Sets,None,,,446,557,230,,70,83,64,,,45,,,20,15,,,,300
1138,神圣铠甲,不朽之王的灵魂牢宠,903,泰瑞尔的力量,KingSoulLaong.gif,Armor,None,Sets,None,,,487,600,232,,60,85,66,50,,,,400,,,,,0,
1139,皮靴,,,热靴刺,Boots.gif,Boots,None,Normal,None,3,8,2,3,,,12,3,,,,,,,,,,,,
1140,重靴,山德的碎石,912,血脚,Sanders_Riprap.gif,Boots,None,Sets,None,4,10,5,6,18,,14,7,,,,,,,5,10,,,,
1141,锁链靴,,,凯松的征服,Chain_Boots.gif,Boots,None,Crafted,None,6,12,8,9,30,,16,12,,,,,,,,,,,,
1142,轻型金属靴,,,小妖精脚趾,Lingt_Plated_Boots.gif,Boots,None,Crafted,None,8,16,9,11,50,,18,20,,,,,,,,,,,,
1143,护胫,,,泪之臀,Greaves.gif,Boots,None,Crafted,None,10,20,12,15,70,,24,27,,,,,,,,,,,,
1144,魔皮靴,仪式的走道,931,地狱阔步,Boots.gif,Boots,None,Sets,None,26,46,28,35,20,,12,36,24,,,,,,20,,,,,25
1145,鲨皮之靴,,,水上飘,Heavy_Boots.gif,Boots,None,Crafted,None,28,50,33,39,47,,14,39,25,,,,,,,,,,,
1146,织网之靴,娜塔亚的灵魂,902,纱织,Natalyas_Soul.gif,Boots,None,Sets,Assassin,23,52,37,44,65,,16,43,25,,,,,,,,,,,100
1147,战场之靴,艾尔多的成长,911,战争旅者,Aldursadvance.gif,Boots,None,Sets,None,37,64,39,47,95,,18,49,25,,,,40,,,,180,,50,
1148,巨战之靴,不朽之王之柱,903,蚀肉骑士,KingZhu.gif,Boots,None,Sets,None,39,80,43,53,125,,24,54,25,,,,,,,,,,44,75
1149,飞龙皮靴,,,,Boots.gif,Boots,None,Magic,None,65,100,54,62,50,,12,60,45,,,,,,,,,,,
1150,圣甲壳虫靴,,,沙暴之旅,Heavy_Boots.gif,Boots,None,Crafted,None,60,110,56,65,91,,14,66,49,,,,,,,,,,,
1151,骸骨靴,,,骨髓行走,Chain_Boots.gif,Boots,None,Crafted,None,69,118,59,67,118,,16,72,54,,,,,,,,,,,
1152,镜化靴,,,,Lingt_Plated_Boots.gif,Boots,None,Magic,None,50,145,59,68,163,,18,81,60,,,,,,,,,,,
1153,急速靴,,,影舞者,Greaves.gif,Boots,None,Crafted,None,83,149,62,71,208,,24,85,65,,,,,,,,,,,
1154,短弓,,,勇气之眼,Shortbow.gif,Weapon,Bows,Crafted,None,1,4,,,,15,,1,,,,,,,,,,,,
1155,猎弓,,,凋谢之戒,Huntersbow.gif,Weapon,Bows,Normal,None,2,6,,,,28,,,4,,,,,,,,,,,
1156,长弓,,,渡鸟之爪,Longbow.gif,Weapon,Bows,Rare,None,3,10,,,22,19,,,8,,,,,,,,,,,
1157,组合弓,,,萝格之弓,Compositebow.gif,Weapon,Bows,Normal,None,4,8,,,25,35,,,12,,,,,,,,,,,
1158,短战斗弓,,,暴风之击,Shortbattlebow.gif,Weapon,Bows,Rare,None,5,11,,,30,40,,,18,,,,,,,,,,,
1159,长战斗弓,维达拉之倒刺,932,凋谢之书,Vidalasbarb.gif,Weapon,Bows,Sets,None,3,18,,,40,50,,,23,,,,,10,,,,,,
1160,短巨战弓,北极号角,916,作声的地狱,Shortwarbow.gif,Weapon,Bows,Sets,None,6,14,,,35,55,,27,,,,,,7,,,,,,
1161,长巨战弓,,,爆裂的吠叫,Longwarbow.gif,Weapon,Bows,Rare,None,3,23,,,50,65,,31,,,,,,,,,,,,
1162,锋锐之弓,,,天击,Shortbow.gif,Weapon,Bows,Crafted,None,6,19,,,25,43,,30,,,,,,,,,,,,
1163,剃刀之弓,,,撕裂之钩,Huntersbow.gif,Weapon,Bows,Crafted,None,8,22,,,25,62,,21,33,,,,,,,,,,,
1164,杉木弓,,,社角久子,Longbow.gif,Weapon,Bows,Crafted,None,10,29,,,53,48,,23,35,,,,,,,,,,,
1165,双弓,,,无尽的冰雹,Compositebow.gif,Weapon,Bows,Crafted,None,11,26,,,58,73,,25,39,,,,,,,,,,,
1166,短攻城弓,,,狂野之弦,Shortbattlebow.gif,Weapon,Bows,Crafted,None,13,30,,,65,80,,25,43,,,,,,,,,,,
1167,长攻城弓,,,岩壁杀手,Longbattlebow.gif,Weapon,Bows,Crafted,None,10,42,,,80,95,,25,46,,,,,,,,,,,
1168,符文之弓,,,巫师之怒,Shortwarbow.gif,Weapon,Bows,Crafted,None,14,35,,,73,103,,25,,,,,,,,,,,,
1169,歌德弓,,,金击圆弧,Longwarbow.gif,Weapon,Bows,Crafted,None,10,50,,,95,118,,25,,,,,,,,,,,,
1170,蜘蛛弓,,,,Shortbow.gif,Weapon,Bows,Normal,None,23,50,,,64,143,,41,,,,,,,,,,,,
1171,刀锋弓,,,,Huntersbow.gif,Weapon,Bows,Normal,None,21,41,,,76,119,,45,60,,,,,,,,,,,
1172,阴影弓,,,,Longbow.gif,Weapon,Bows,Normal,None,15,59,,,52,188,,47,63,,,,,,,,,,,
1173,巨弓,,,,Compositebow.gif,Weapon,Bows,Magic,None,12,52,,,121,107,,51,68,,,,,,,,,,,
1174,钻石弓,,,,Shortbattlebow.gif,Weapon,Bows,Magic,None,33,40,,,89,132,,54,72,,,,,,,,,,,
1175,十字军之弓,,,鹰之号角,Longbattlebow.gif,Weapon,Bows,Crafted,None,15,63,,,97,121,,57,77,,,,,,,,,,,
1176,庇护之弓,,,寡妇制造者,Shortwarbow.gif,Weapon,Bows,Crafted,None,20,53,,,72,146,,60,,,,,,,,,,,,
1177,九头蛇弓,,,风之力,Longwarbow.gif,Weapon,Bows,Crafted,None,10,68,,,134,167,,63,,,,,,,,,,,,
1178,头饰,娜吉的小环,910,,Najscirclet.gif,Headgear,None,Sets,None,,,20,30,,,35,16,24,,,,,30,15,,,,,75
1179,宝冠,,,,Coronet.gif,Headgear,None,Normal,None,,,30,40,,,30,39,50,,,,,,,,,,,
1180,三重冠,,,奇拉的守护,Tiara.gif,Headgear,None,Normal,None,,,40,50,,,25,52,70,,,,,,,,,,,
1181,权冠,马维娜的真实之眼,901,格利风之眼,Mavinastruesight.gif,Headgear,None,Sets,Amazon,,,50,60,,,20,64,85,,,,,,,,,,10,150
1182,轻十字弓,,,引导乌鸦,Light_Crossbow.gif,Weapon,Crossbows,Normal,None,6,9,,,21,27,,,,,,,,,,,,,,
1183,十字弓,,,灵液之刺,Crossbow.gif,Weapon,Crossbows,Normal,None,6,16,,,40,33,,,,,,,,,,,,,,
1184,重十字弓,,,投掷地狱,Heavy_Crossbow.gif,Weapon,Crossbows,Normal,None,14,26,,,60,40,,,,,,,,,,,,,,
1185,连射十字弓,,,毁灭投石者,Repeating_Crossbow.gif,Weapon,Crossbows,Normal,None,6,12,,,40,50,,,,,,,,,,,,,,
1186,石弓,,,兰格.布里瑟,Light_Crossbow.gif,Weapon,Crossbows,Rare,None,14,27,,,52,61,,22,,,,,,,,,,,,
1187,攻城十字弓,,,毒液怪,Crossbow.gif,Weapon,Crossbows,Rare,None,6,16,,,40,33,,25,,,,,,,,,,,,
1188,弩弓,,,布理撒―多 凯南,Heavy_Crossbow.gif,Weapon,Crossbows,Rare,None,33,55,,,110,80,,25,,,,,,,,,,,,
1189,巧工弩,,,恶魔机器,Repeating_Crossbow.gif,Weapon,Crossbows,Rare,None,14,32,,,80,95,,25,,,,,,,,,,,,
1190,弹丸弓,,,,Light_Crossbow.gif,Weapon,Crossbows,Normal,None,28,73,,,83,155,,42,,,,,,,,,,,,
1191,蛇魔女十字弓,,,,Crossbow.gif,Weapon,Crossbows,Normal,None,25,87,,,117,105,,50,,,,,,,,,,,,
1192,巨神十字弓,,,地狱拷问,Heavy_Crossbow.gif,Weapon,Crossbows,Crafted,None,32,91,,,163,77,,56,,,,,,,,,,,,
1193,恶魔十字弓,,,内部爆裂,Repeating_Crossbow.gif,Weapon,Crossbows,Crafted,None,26,40,,,141,98,,63,,,,,,,,,,,,
1194,匕首,,,海鸥,Wizardspike.gif,Weapon,Daggers,Crafted,None,1,4,,,,,16,,,,,,,,,,,,,
1195,长匕首,,,迪格勒,Heart_Carver.gif,Weapon,Daggers,Crafted,None,3,9,,,,,20,,,,,,,,,,,,,
1196,波形刃,,,坦杜之玉,Kris,Weapon,Daggers,Crafted,None,2,11,,,,,24,,,,,,,,,,,,,
1197,短刀,,,妖怪碎片,Spectral_Shard.gif,Weapon,Daggers,Crafted,None,4,15,,,,,24,,,,,,,,,,,,,
1198,锐匕,,,裂脊者,Wizardspike.gif,Weapon,Daggers,Crafted,None,6,18,,,,,16,19,,,,,,,,,,,,
1199,诗歌匕首,,,刻心者,Heart_Carver.gif,Weapon,Daggers,Crafted,None,10,26,,,,,20,24,,,,,,,,,,,,
1200,强波刃,,,黑沼之锋,Kris,Weapon,Daggers,Crafted,None,15,31,,,,,24,25,,,,,,,,,,,,
1201,小剑,,,暴风尖刺,Spectral_Shard.gif,Weapon,Daggers,Crafted,None,19,36,,,,,24,25,,,,,,,,,,,,
1202,骸骨小刀,,,巫师之刺,Wizardspike.gif,Weapon,Daggers,Crafted,None,23,49,,,,,26,43,,,,,,,,,,,,
1203,秘银小刀,,,,Heart_Carver.gif,Weapon,Daggers,Normal,None,37,53,,,,,55,52,,,,,,,,,,,,
1204,齿缘小刀,,,裂肉者,Kris,Weapon,Daggers,Crafted,None,15,57,,,,,36,62,,,,,,,,,,,,
1205,传说尖刺,,,鬼火焰,Spectral_Shard.gif,Weapon,Daggers,Crafted,None,31,47,,,,,47,66,,,,,,,,,,,,
1206,狼头,,,,Wolfhead.gif,Headgear,None,Normal,Druid,,,8,11,16,,20,3,4,,,,,,,,,,,
1207,飞鹰头盔,,,,Falconmask.gif,Headgear,None,Normal,Druid,,,4,15,20,,20,6,8,,,,,,,,,,,
1208,鹿角,,,,Aldurs_stoney_gaze.gif,Headgear,None,Normal,Druid,,,18,24,24,,20,12,16,,,,,,,,,,,
1209,猎鹰面具,,,,Hawkhelm.gif,Headgear,None,Normal,Druid,,,12,28,28,,20,15,20,,,,,,,,,,,
1210,灵魂狼头面具,,,,Spiritmask.gif,Headgear,None,Normal,Druid,,,22,35,30,,20,18,24,,,,,,,,,,,
1211,阿尔发头盔,,,,Wolfhead.gif,Headgear,None,Normal,Druid,,,52,62,44,,20,26,35,,,,,,,,,,,
1212,狮鹫兽头盔,,,,Falconmask.gif,Headgear,None,Normal,Druid,,,46,68,50,,20,30,40,,,,,,,,,,,
1213,猎人的伪装,艾尔多的冷酷凝视,911,,Aldurs_stoney_gaze.gif,Headgear,None,Sets,Druid,,,67,81,56,,20,29,46,,45,,,,,,,,,90
1214,神圣羽毛,,,,Hawkhelm.gif,Headgear,None,Normal,Druid,,,58,87,62,,20,32,50,,,,,,,,,,,
1215,图腾面具狼盔,,,加尔的长发,Spiritmask.gif,Headgear,None,Crafted,Druid,,,73,98,65,,20,41,55,,,,,,,,,,,
1216,血腥之灵,,,地狱之吻,Wolfhead.gif,Headgear,None,Crafted,Druid,,,101,145,86,,20,46,62,,,,,,,,,,,
1217,太阳之灵,,,乌鸦之王,Falconmask.gif,Headgear,None,Crafted,Druid,,,98,147,95,,20,51,69,,,,,,,,,,,
1218,大地之灵,,,灵魂看守者,Aldurs_stoney_gaze.gif,Headgear,None,Crafted,Druid,,,107,152,104,,20,57,76,,,,,,,,,,,
1219,天空之灵,,,,Hawkhelm.gif,Headgear,None,Normal,Druid,,,103,155,113,,20,62,83,,,,,,,,,,,
1220,幽梦之灵,,,,Spiritmask.gif,Headgear,None,Normal,Druid,,,109,159,118,,20,66,85,,,,,,,,,,,
1221,皮手套,,,柏克之手,Leather_Gloves.gif,Gloves,None,Crafted,None,,,2,3,,,12,3,,,,,,,,,,,,
1222,重手套,山德的禁忌,912,血拳,Sanders_Taboo.gif,Gloves,None,Sets,None,,,5,6,,,14,7,,,,,,10,,,,,40,25
1223,锁链手套,,,运气守护,Chain_Gloves.gif,Gloves,None,Normal,None,,,8,9,25,,16,12,,,,,,,,,,,,
1224,轻型铁手套,,,法师之拳,Light_Gauntlets.gif,Gloves,None,Normal,None,,,9,11,45,,18,20,,,,,,,,,,,,
1225,铁手套,,,霜燃,Gauntlets.gif,Gloves,None,Normal,None,,,12,15,60,,24,27,,,,,,,,,,,,
1226,魔皮手套,,,剧毒之抓,Leather_Gloves.gif,Gloves,None,Crafted,None,,,28,35,20,,12,33,21,,,,,,,,,,,
1227,鲨皮手套,马格纳斯之皮,928,墓穴的抚弄,Magnus_Skin.gif,Gloves,None,Sets,None,,,33,39,20,,14,39,25,,,,15,,,,,,,30
1228,重型手镯,塔格奥之爪,905,食尸鬼外皮,Chain_Gloves.gif,Gloves,None,Sets,None,,,37,44,58,,16,43,25,,,,,,,,,,,30
1229,战场手套,马维娜的冰握,901,熔岩角羊,Mavinasicyclutch.gif,Gloves,None,Sets,Amazon,,,39,47,88,,18,49,25,,,,,,10,15,,,,47
1230,巨战手套,不朽之王的熔炉,903,地狱之嘴,KingLu.gif,Gloves,None,Sets,None,,,43,53,110,,24,54,25,,,,,,20,20,,,,65
1231,荆棘连指手套,手掌的安置,931,,Layingofhands.gif,Gloves,None,Sets,None,,,54,62,50,,12,57,42,,,,50,,,,,,,25
1232,吸血鬼骸骨手套,,,卓古拉之握,Heavy_Gloves.gif,Gloves,None,Normal,None,,,56,65,50,,14,63,47,,,,,,,,,,,
1233,吸血鬼手套,,,吸魂者,Chain_Gloves.gif,Gloves,None,Crafted,None,,,59,67,106,,16,69,51,,,,,,,,,,,
1234,十字军铁手套,,,,Light_Gauntlets.gif,Gloves,None,Normal,None,,,59,68,151,,18,76,57,,,,,,,,,,,
1235,食人魔铁手套,,,碎钢,Gauntlets.gif,Gloves,None,Crafted,None,,,62,71,185,,24,85,64,,,,,,,,,,,
1236,帽子,山德的模范,912,毕格因的软帽,Sanders_Paragon.gif,Headgear,None,Sets,None,,,3,5,,,12,1,,,,,,8,,,,,,
1237,骷髅帽,,,塔因头盔,Skull_Cap.gif,Headgear,None,Crafted,None,,,8,11,15,,18,5,,,,,,,,,,,,
1238,头盔,,,光荣布帽,Helm.gif,Headgear,None,Normal,None,,,15,18,26,,24,11,,,,,,,,,,,,
1239,高级头盔,,,黄昏深处,Full_Helm.gif,Headgear,None,Normal,None,,,23,26,41,,30,15,,,,,,,,,,,,
1240,卓越头盔,,,怒号长牙,Great_Helm.gif,Headgear,None,Normal,None,,,30,35,63,,40,23,,,,,,,,,,,,
1241,面具,,,恐惧之脸,Mask.gif,Headgear,None,Normal,None,,,9,27,23,,20,19,,,,,,,,,,,,
1242,皇冠,,,不死王冠,Crown.gif,Headgear,None,Crafted,None,,,25,45,55,,50,29,,,,,,,,,,,,
1243,白骨头盔,,,温暖骷髅,Bone_Helm.gif,Headgear,None,Crafted,None,,,33,36,25,,40,22,,,,,,,,,,,,
1244,战帽,牛魔王之角,907,粗野之冠,Cap.gif,Headgear,None,Sets,None,,,45,53,20,,12,34,22,,,,,10,,,,,,75
1245,轻便头盔,,,岩石制动器,Skull_Cap.gif,Headgear,None,Crafted,None,,,52,62,43,,18,37,25,,,,,,,,,,,
1246,无颊头盔,,,偷取骷髅,Helm.gif,Headgear,None,Crafted,None,,,63,72,59,,24,42,25,,,,,,,,,,,
1247,轻钢盔,沙撒璧的精神之鞘,909,暗视之盔,Sazabis_Mental_Sheath.gif,Headgear,None,Sets,None,,,75,84,82,,30,45,25,,,17,17,,,,,,,100
1248,翼盔,吉永之脸,928,女神之翼,Guillaumes_Face.gif,Headgear,None,Sets,None,,,85,98,115,,40,51,25,,,,,,15,,,,,120
1249,死亡面具,塔拉夏的赫拉迪克纹章,906,黑角面具,TalaxaWezh.gif,Headgear,None,Sets,None,,,54,86,55,,20,48,25,15,15,15,15,,,,,,60,
1250,巨皇冠,华宁的光辉,904,盗贼皇冠,Hwanins_Splendor.gif,Headgear,None,Sets,None,,,78,113,103,,50,55,25,,37,,,,,,,,20,124
1251,残酷头盔,娜塔亚的图腾,902,吸血鬼的凝视,Natalyastotem.gif,Headgear,None,Sets,Assassin,,,60,125,58,,40,50,25,15,15,15,15,15,25,,,,,155
1252,军帽,,,谐角之冠,Cap.gif,Headgear,None,Crafted,None,,,98,141,50,,12,58,43,,,,,,,,,,,
1253,九头蛇头盖骨圆帽,,,,Skull_Cap.gif,Headgear,None,Normal,None,,,101,145,84,,18,63,47,,,,,,,,,,,
1254,活动头盔,,,钢影,Helm.gif,Headgear,None,Crafted,None,,,105,149,109,,24,68,51,,,,,,,,,,,
1255,巨贝头盔,,,,Full_Helm.gif,Headgear,None,Normal,None,,,110,154,142,,30,54,40,,,,,,,,,,,
1256,螺旋头盔,安戴尔的全灵,922,钢铁面纱,Ondalsalmighty.gif,Headgear,None,Sets,None,,,114,159,192,,40,79,59,,,,,,10,15,,,,50
1257,恶魔头盖骨面具,,,安达利尔的面貌,Mask.gif,Headgear,None,Crafted,None,,,101,154,102,,20,74,55,,,,,,,,,,,
1258,头冠,格瑞斯华尔德的勇气,913,年纪之冠,Griswoldsvalor.gif,Headgear,None,Sets,None,,,111,165,174,,50,85,66,5,5,5,5,,,,,,,125
1259,骸骨面罩,塔格奥之外装,905,巨骷髅,TageouCloth.gif,Headgear,None,Sets,None,,,100,157,106,,40,84,63,,,,,,,,,,,100
1260,标枪,,,,Javelins.gif,Weapon,Spear,Normal,None,6,14,,,,,,,1,,,,,,,,,,,
1261,短标枪,,,,Pilum.gif,Weapon,Spear,Normal,None,7,20,,,,45,,,10,,,,,,,,,,,
1262,短矛,,,,Short_Spear.gif,Weapon,Spear,Normal,None,10,22,,,40,40,,,15,,,,,,,,,,,
1263,大长刀,,,,Glaive.gif,Weapon,Spear,Normal,None,16,22,,,52,35,,,23,,,,,,,,,,,
1264,飞矛,,,,Throwing_Spear.gif,Weapon,Spear,Normal,None,12,30,,,,65,,,29,,,,,,,,,,,
1265,巨战标枪,,,,Javelins.gif,Weapon,Spear,Normal,None,14,32,,,25,25,,18,30,,,,,,,,,,,
1266,卓越标枪,,,,Pilum.gif,Weapon,Spear,Normal,None,16,42,,,25,88,,25,37,,,,,,,,,,,
1267,锐矛,,,,Short_Spear.gif,Weapon,Spear,Normal,None,27,50,,,80,80,,25,40,,,,,,,,,,,
1268,阔针长矛,,,,Glaive.gif,Weapon,Spear,Normal,None,32,60,,,98,73,,25,46,,,,,,,,,,,
1269,鱼叉,,,,Throwing_Spear.gif,Weapon,Spear,Normal,None,18,54,,,25,118,,25,51,,,,,,,,,,,
1270,亥伯龙之枪,,,,Javelins.gif,Weapon,Spear,Normal,None,28,55,,,98,123,,40,54,,,,,,,,,,,
1271,冥河标枪,,,,Pilum.gif,Weapon,Spear,Normal,None,21,75,,,118,112,,46,62,,,,,,,,,,,
1272,炎魔长矛,,,魔鬼抛物线,Short_Spear.gif,Weapon,Spear,Crafted,None,40,62,,,127,95,,53,71,,,,,,,,,,,
1273,鬼魂尖枪,,,死灵夜翔,Glaive.gif,Weapon,Spear,Crafted,None,30,85,,,89,137,,59,79,,,,,,,,,,,
1274,翼鱼叉,,,石像鬼之噬,Throwing_Spear.gif,Weapon,Spear,Crafted,None,11,77,,,76,145,,65,85,,,,,,,,,,,
1275,木棒,,,凶猛橡树,Club.gif,Weapon,Maces,Normal,None,1,6,,,,,24,1,,,,,,,,,,,,
1276,狼牙棒,,,坚硬的指甲,SpikedCulb.gif,Weapon,Maces,Normal,None,5,8,,,,,36,4,,,,,,,,,,,,
1277,钉头锤,,,压碎的凸边,Mace.gif,Weapon,Maces,Normal,None,3,10,,,27,,60,8,,,,,,,,,,,,
1278,流星锤,,,血升,Morning_Star.gif,Weapon,Maces,Normal,None,7,16,,,36,,72,13,,,,,,,,,,,,
1279,链枷,,,坦.杜.里.嘎将军,Flail.gif,Weapon,Maces,Normal,None,1,24,,,41,35,30,19,,,,,,,,,,,,
1280,巨战铁槌,,,铁石,War_Hammer.gif,Weapon,Maces,Crafted,None,38,29,,,53,,55,25,,,,,,,,,,,,
1281,大木棍,,,碎骨,Maul.gif,Weapon,Maces,Crafted,None,30,58,,,99,,60,32,,,,,,,,,,,,
1282,卓越巨棍,,,铁制大槌,Great_Maul.gif,Weapon,Maces,Crafted,None,30,43,,,69,,60,21,,,,,,,,,,,,
1283,棍棒,,,暗族碎灭者,Club.gif,Weapon,Maces,Crafted,None,6,21,,,25,,24,30,18,,,,,,,,,,,
1284,倒钩槌,,,血肉裁决者,SpikedCulb.gif,Weapon,Maces,Crafted,None,13,25,,,30,,36,32,20,,,,,,,,,,,
1285,凸缘钉头锤,,,尖啸冰霜凸缘,Mace.gif,Weapon,Maces,Crafted,None,15,23,,,61,,60,35,23,,,,,,,,,,,
1286,锯齿流星锤,艾尔多的律动,911,落月锯齿,Aldursrythm.gif,Weapon,Maces,Sets,None,20,31,,,74,,72,39,25,,,,,51,,,,,,
1287,铁皮鞭,,,贝希尔的漩涡,Flail.gif,Weapon,Maces,Crafted,None,13,35,,,82,73,30,43,25,,,,,,,,,,,
1288,战斗铁槌,,,撼地者,War_Hammer.gif,Weapon,Maces,Crafted,None,35,58,,,100,,55,48,25,,,,,,,,,,,
1289,巨战木棍,,,血树残株,Maul.gif,Weapon,Maces,Crafted,None,53,78,,,124,,60,45,25,,,,,,,,,,,
1290,战槌,,,痛苦木槌,Gavelofpain.gif,Weapon,Maces,Crafted,None,61,99,,,169,,60,53,25,,,,,,,,,,,
1291,战仪杖,,,诺德的蚀肉药,Club.gif,Weapon,Maces,Crafted,None,35,43,,,88,43,24,52,39,,,,,,,,,,,
1292,暴君之棒,,,恶魔的爪牙,SpikedCulb.gif,Weapon,Maces,Crafted,None,32,58,,,133,,36,57,42,,,,,,,,,,,
1293,强化钉头锤,丹弓的教导,922,,Dangoonsteaching.gif,Weapon,Maces,Sets,None,41,49,,,145,46,60,63,47,,,,,25,,,,,,
1294,恶魔流星锤,,,巴拉那之星,Morning_Star.gif,Weapon,Maces,Crafted,None,43,53,,,153,44,72,70,52,,,,,,,,,,,
1295,天罚之锤,,,暴风之结,Flail.gif,Weapon,Maces,Crafted,None,3,80,,,125,77,30,76,57,,,,,,,,,,,
1296,传说之锤,,,史恰佛之m,War_Hammer.gif,Weapon,Maces,Crafted,None,50,61,,,189,,55,82,61,,,,,,,,,,,
1297,食人魔之锤,不朽之王的碎魂者,903,风之锤,KingBreakSoul.gif,Weapon,Maces,Sets,None,77,106,,,229,,60,69,51,,,,,,,,,,400,
1298,雷锤,,,碎脑者,Great_Maul.gif,Weapon,Maces,Crafted,None,33,180,,,253,,60,85,65,,,,,,,,,,,
1299,防腐之首,,,,Preservedhead.gif,Weapon,Staves,Normal,Necromancer,,,2,5,12,,20,3,4,,,,,,,,,,,
1300,僵尸之首,,,,Zombiehead.gif,Weapon,Staves,Normal,Necromancer,,,4,8,14,,20,6,8,,,,,,,,,,,
1301,揭露者之首,,,,Unravellerhead.gif,Weapon,Staves,Normal,Necromancer,,,6,10,18,,20,12,16,,,,,,,,,,,
1302,石像鬼之首,,,,Demonhead.gif,Weapon,Staves,Magic,Necromancer,,,10,16,20,,20,15,20,,,,,,,,,,,
1303,恶魔之首,,,,Demonhead.gif,Weapon,Staves,Magic,Necromancer,,,15,20,25,,20,18,24,,,,,,,,,,,
1304,木乃伊印记,,,,Preservedhead.gif,Weapon,Staves,Normal,Necromancer,,,38,48,38,,20,24,33,,,,,,,,,,,
1305,物神印记,,,,Zombiehead.gif,Weapon,Staves,Normal,Necromancer,,,41,52,41,,20,29,39,,,,,,,,,,,
1306,司事印记,,,,Unravellerhead.gif,Weapon,Staves,Magic,Necromancer,,,44,55,47,,20,33,45,,,,,,,,,,,
1307,领唱者印记,塔格奥之翼,905,,TageouWing.gif,Weapon,Staves,Sets,Necromancer,,,50,64,50,,20,36,49,,,,,,25,15,,,15,125
1308,祭司印记,,,侏儒,Demonhead.gif,Weapon,Staves,Crafted,Necromancer,,,58,70,58,,20,40,54,,,,,,,,,,,
1309,随侍之骨,,,,Preservedhead.gif,Weapon,Staves,Normal,Necromancer,,,95,139,77,,20,44,59,,,,,,,,,,,
1310,地狱爪之骨,,,,Zombiehead.gif,Weapon,Staves,Normal,Necromancer,,,96,141,82,,20,50,67,,,,,,,,,,,
1311,监视者之骨,,,,Unravellerhead.gif,Weapon,Staves,Magic,Necromancer,,,98,142,91,,20,49,66,,,,,,,,,,,
1312,女妖之骨,,,骨焰,Gargoylehead.gif,Weapon,Staves,Crafted,Necromancer,,,100,146,95,,20,60,81,,,,,,,,,,,
1313,血王之骨,,,魔力启生,Demonhead.gif,Weapon,Staves,Crafted,Necromancer,,,103,148,106,,20,65,85,,,,,,,,,,,
1314,小盾,,,,Rondache.gif,Weapon,Shields,Magic,Paladin,2,6,8,12,16,,20,3,4,,,,,,,,,,,
1315,轻圆盾,,,,Rondache.gif,Weapon,Shields,Normal,Paladin,2,8,10,18,26,,30,6,8,,,,,,,,,,,
1316,纹章盾,,,,Heraldicshield.gif,Weapon,Shields,Normal,Paladin,3,9,16,26,30,,40,12,16,,,,,,,,,,,
1317,艾文之盾,,,,Aerinshield.gif,Weapon,Shields,Normal,Paladin,4,10,26,36,50,,50,15,20,,,,,,,,,,,
1318,皇冠之盾,,,,Crownshield.gif,Weapon,Shields,Normal,Paladin,4,12,30,40,65,,60,18,24,,,,,,,,,,,
1319,亚克南圆盾,,,,Rondache.gif,Weapon,Shields,Normal,Paladin,12,16,101,125,44,,20,26,35,,,,,,,,,,,
1320,亚克南轻圆盾,,,,Rondache.gif,Weapon,Shields,Normal,Paladin,15,20,113,137,59,,30,30,40,,,,,,,,,,,
1321,防守者盾牌,,,,Heraldicshield.gif,Weapon,Shields,Normal,Paladin,18,24,129,153,69,,40,34,46,,,,,,,,,,,
1322,饰金盾牌,,,撒卡兰姆使者,Aerinshield.gif,Weapon,Shields,Rare,Paladin,20,28,144,168,89,,50,38,51,,,,,,,,,,,
1323,皇家盾牌,,,,Crownshield.gif,Weapon,Shields,Normal,Paladin,24,32,156,181,114,,60,41,55,,,,,,,,,,,
1324,神圣小盾,,,阿尔玛.尼格拉,Rondache.gif,Weapon,Shields,Crafted,Paladin,22,70,126,158,86,,45,47,63,,,,,,,,,,,
1325,神圣轻圆盾,,,,Rondache.gif,Weapon,Shields,Normal,Paladin,35,58,138,164,109,,68,52,70,,,,,,,,,,,
1326,库拉斯特之盾,,,,Heraldicshield.gif,Weapon,Shields,Normal,Paladin,10,82,154,172,124,,55,55,74,,,,,,,,,,,
1327,撒卡兰姆盾牌,,,龙鳞,Aerinshield.gif,Weapon,Shields,Crafted,Paladin,46,46,169,193,142,,65,61,82,,,,,,,,,,,
1328,旋风盾,格瑞斯华尔德荣耀,913,,Crownshield.gif,Weapon,Shields,Sets,Paladin,5,87,182,225,148,,90,66,85,45,45,45,45,,,,,,,108
1329,大砍刀,,,迪马克之劈砍,Bardiche.gif,Weapon,Polearms,Normal,None,1,27,,,,,50,,,,,,,,,,,,,
1330,钩镰枪,,,铁刺棒,Steelgoad.gif,Weapon,Polearms,Normal,None,6,21,,,,,50,,,,,,,,,,,,,
1331,镰刀,,,灵魂采集者,The_Reapers_Toll.gif,Weapon,Polearms,Normal,None,8,20,,,,,65,,,,,,,,,,,,,
1332,长柄战斧,,,战斗支系,The_Battlebranch.gif,Weapon,Polearms,Rare,None,18,39,,,,,55,,,,,,,,,,,,,
1333,长戟,,,烦恼诗集,Woestave.gif,Weapon,Polearms,Normal,None,12,45,,,,,55,,,,,,,,,,,,,
1334,巨战镰刀,,,冷酷开膛手,Stormspire.gif,Weapon,Polearms,Normal,None,15,36,,,,,55,,,,,,,,,,,,,
1335,罗佳伯斧,,,刮肉者,Bardiche.gif,Weapon,Polearms,Rare,None,6,58,,,,,50,21,,,,,,,,,,,,
1336,比尔长刀,,,黑水之刃,Steelgoad.gif,Weapon,Polearms,Rare,None,14,53,,,,,50,25,,,,,,,,,,,,
1337,战斗镰刀,,,雅典娜的忿怒,The_Reapers_Toll.gif,Weapon,Polearms,Normal,None,18,45,,,,,65,25,,,,,,,,,,,,
1338,战戟,,,皮尔.通把.考恩特,The_Battlebranch.gif,Weapon,Polearms,Normal,None,34,75,,,,,65,23,,,,,,,,,,,,
1339,双锋战戟,,,胡索丹.依弗,Woestave.gif,Weapon,Polearms,Normal,None,13,85,,,,,55,25,,,,,,,,,,,,
1340,残酷镰刀,,,惊怖焰亡灵,Stormspire.gif,Weapon,Polearms,Rare,None,30,70,,,,,55,25,,,,,,,,,,,,
1341,食人魔之斧,,,破骨,Bardiche.gif,Weapon,Polearms,Crafted,None,28,145,,,,,50,45,,,,,,,,,,,,
1342,巨神之斧,,,,Steelgoad.gif,Weapon,Polearms,Crafted,None,17,165,,,,,50,48,,,,,,,,,,,,
1343,锐利之斧,,,死神的丧钟,The_Reapers_Toll.gif,Weapon,Polearms,Crafted,None,12,141,,,,,65,53,,,,,,,,,,,,
1344,神秘之斧,,,盗墓者,The_Battlebranch.gif,Weapon,Polearms,Crafted,None,33,150,,,,,65,59,,,,,,,,,,,,
1345,巨长斧,,,,Woestave.gif,Weapon,Polearms,Crafted,None,46,127,,,,,55,63,,,,,,,,,,,,
1346,蛟尾巨斧,,,暴风尖塔,Stormspire.gif,Weapon,Polearms,Crafted,None,40,114,,,,,55,66,,,,,,,,,,,,
1347,拿各的戒指,,,,D2_ring1.gif,Ring,None,Magic,None,,3,,,,,,,,,,,,,,,,,,3
1348,马娜德的治疗,,,,Manald_heal.gif,Ring,None,Magic,None,,,,,,,,,,,,,,,,,,,8,
1349,乔丹之石,,,,Ston_of_Jordan.gif,Ring,None,Magic,None,,,,,,,,29,,,,,,,,,,,,4
1350,矮人之星,,,,Manald_heal.gif,Ring,None,Magic,None,12,15,,,,,,45,,,,,,,,,,,5,
1351,乌鸦之霜,,,,Ston_of_Jordan.gif,Ring,None,Magic,None,,,,,,,,,45,,,,,,,,,,,13
1352,布尔凯索的婚戒,,,,D2_ring1.gif,Ring,None,Magic,None,,,,,,,,58,,,,,,,,,,,12,
1353,腐肉之风,,,,Ston_of_Jordan.gif,Ring,None,Magic,None,,,,,,,,60,,55,,,,5,,,,,,
1354,大自然的和平,,,,Manald_heal.gif,Ring,None,Magic,None,7,11,,,,,,69,,30,,,,3,,,,,,
1355,鬼火投掷者,,,,D2_ring1.gif,Ring,None,Magic,None,,,,,,,,76,,,,,,,1,,,,,12
1356,戒指,天使的光晕,914,,Manald_heal.gif,Ring,None,Sets,None,,,,,,,,12,,,,,,,2,,,,20,
1357,戒指,卡珊的封印,908,,Ring4.gif,Ring,None,Sets,None,,2,,,,,,11,,,,,,6,,,,,,
1358,权杖,,,敲击丧钟者,Scepter.gif,Weapon,Scepters,Rare,None,6,11,,,25,,50,3,,,,,,,3,,,,,
1359,雄伟权杖,希弗柏的短棍,919,腐蚀的把手,Grand_Scepter.gif,Weapon,Scepters,Sets,None,8,18,,,37,,60,15,,,,,,20,,,,,,
1360,巨战权杖,米拉伯佳之杖,927,暴风眼,War_Scepter.gif,Weapon,Scepters,Sets,None,10,17,,,55,,70,21,,,,,,40,,,,,,
1361,符文权杖,,,撒卡兰姆之手,Scepter.gif,Weapon,Scepters,Rare,None,13,24,,,58,,50,31,19,,,,,,,,,,,
1362,圣水喷杖,,,恶臭散颜,Grand_Scepter.gif,Weapon,Scepters,Rare,None,14,36,,,76,,60,40,25,,,,,,,,,,,
1363,神属权杖,,,祝福之光之手,War_Scepter.gif,Weapon,Scepters,Rare,None,16,38,,,103,,7,45,25,,,,,,,,,,,
1364,强威权杖,,,天堂之光、救世主,Scepter.gif,Weapon,Scepters,Rare,None,40,52,,,125,,50,62,46,,,,,,,,,,,
1365,炽天使法杖,,,,Grand_Scepter.gif,Weapon,Scepters,Normal,None,45,54,,,108,69,60,76,57,,,,,,,,,,,
1366,神使之杖,格瑞斯华尔德的救赎,913,阿斯特龙之铁的保护区,Griswoldsredemption.gif,Weapon,Scepters,Sets,None,11,25,,,97,70,70,85,66,,,,,100,,,,,,
1367,白骨盾牌,,,无眼之墙,Bone_Shield.gif,Weapon,Shields,Normal,None,3,6,10,30,25,,40,19,,,,,,,,,,,,
1368,歌德盾牌,,,囚房,Gothic_Shield.gif,Weapon,Shields,Normal,None,2,6,30,35,60,,40,30,,,,,,,,,,,,
1369,防御盾,,,维斯尔坦特,Buckler.gif,Weapon,Shields,Rare,None,8,12,41,49,38,,68,34,22,,,,,,,,,,,
1370,圆形盾,惠斯坦的武装,928,摩西祝福之环,Whitstans_Guard.gif,Weapon,Shields,Sets,None,7,14,47,55,53,,64,37,25,,,,,,,,,,,75
1371,鳞盾,,,暴风追逐者,Large_Shield.gif,Weapon,Shields,Rare,None,11,15,53,61,71,,62,42,25,,,,,,,,,,,
1372,龙盾,,,魔龙的非难,Kite_Shield.gif,Weapon,Shields,Rare,None,15,24,59,67,91,,76,45,25,,,,,,,,,,,
1373,倒刺盾牌,,,长枪守护,Spiked_Shield.gif,Weapon,Shields,Rare,None,18,15,58,78,65,,55,42,25,,,,,,,,,,,
1374,大盾,,,基尔克的圣堂,Tower_Shield.gif,Weapon,Shields,Crafted,None,10,17,68,78,133,,74,50,25,,,,,,,,,,,
1375,冷酷之盾,,,警戒之墙,Bone_Shield.gif,Weapon,Shields,Crafted,None,14,20,50,150,58,,70,48,25,,,,,,,,,,,
1376,古代之盾,,,罗达蒙特之球体,Gothic_Shield.gif,Weapon,Shields,Crafted,None,12,16,80,93,110,,80,56,25,,,,,,,,,,,
1377,防寒圆盾,,,,Buckler.gif,Weapon,Shields,Normal,None,16,30,95,110,77,,88,58,43,,,,,,,,,,,
1378,月精灵护盾,,,黑橡树盾,Small_Shield.gif,Weapon,Shields,Crafted,None,17,29,108,123,100,,84,61,45,,,,,,,,,,,
1379,亥伯龙盾牌,,,,Large_Shield.gif,Weapon,Shields,Normal,None,14,32,119,135,127,,82,64,48,,,,,,,,,,,
1380,统治者大盾,,,暴风之盾,Kite_Shield.gif,Weapon,Shields,Crafted,None,12,34,133,148,156,,86,72,54,,,,,,,,,,,
1381,刀刃盾牌,,,尖刺根源,Spiked_Shield.gif,Weapon,Shields,Crafted,None,26,40,147,163,118,,83,68,51,,,,,,,,,,,
1382,护卫盾,,,美杜沙的凝视,Tower_Shield.gif,Weapon,Shields,Crafted,None,18,28,145,161,219,,92,79,59,,,,,,,,,,,
1383,洞穴巨魔巢穴,,,猎头人的荣耀,Bone_Shield.gif,Weapon,Shields,Crafted,None,24,38,158,173,106,,74,76,57,,,,,,,,,,,
1384,保护盾牌,泰比克的光荣,922,魂系结果,Taebaeksglory.gif,Weapon,Shields,Sets,None,11,35,153,170,185,,100,84,63,,,30,,30,,,,,,50
1385,鹰之法珠,,,,Eagle_Orb.gif,Weapon,Staves,Normal,Sorceress,2,5,,,,,20,1,1,,,,,,,,,,,
1386,神圣天球,,,,Scared_Globe.gif,Weapon,Staves,Normal,Sorceress,3,8,,,,,30,8,1,,,,,,,,,,,
1387,拢烟之球,,,,Smoked_Sphere.gif,Weapon,Staves,Normal,Sorceress,4,10,,,,,35,12,8,,,,,,,,,,,
1388,扣握法珠,,,,Clasped_Orb.gif,Weapon,Staves,Normal,Sorceress,5,12,,,,,40,17,13,,,,,,,,,,,
1389,杰瑞德之石,,,,Jareds_Stone.gif,Weapon,Staves,Normal,Sorceress,8,18,,,,,50,24,18,,,,,,,,,,,
1390,灵光法珠,,,,Eagle_Orb.gif,Weapon,Staves,Normal,Sorceress,8,21,,,,,20,32,23,,,,,,,,,,,
1391,水晶天球,,,,Scared_Globe.gif,Weapon,Staves,Normal,Sorceress,19,26,,,,,30,37,27,,,,,,,,,,,
1392,云雾之球,,,,Smoked_Sphere.gif,Weapon,Staves,Normal,Sorceress,11,29,,,,,35,41,30,,,,,,,,,,,
1393,闪耀之珠,,,,Clasped_Orb.gif,Weapon,Staves,Normal,Sorceress,13,32,,,,,40,46,34,,,,,,,,,,,
1394,涡流水晶,塔拉夏的女士之眼,906,眼球,TalaxaEye.gif,Weapon,Staves,Sets,Sorceress,18,42,,,,,50,50,37,,,,,,,,,,57,
1395,天堂之石,,,,Eagle_Orb.gif,Weapon,Staves,Normal,Sorceress,21,46,,,,,20,59,44,,,,,,,,,,,
1396,怪异之球,,,艾丝屈塔的脾气,Scared_Globe.gif,Weapon,Staves,Rare,Sorceress,18,50,,,,,30,67,50,,,,,,,,,,,
1397,恶魔之心,,,,Smoked_Sphere.gif,Weapon,Staves,Magic,Sorceress,23,55,,,,,35,75,56,,,,,,,,,,,
1398,漩涡球,,,,Clasped_Orb.gif,Weapon,Staves,Magic,Sorceress,12,66,,,,,40,84,63,,,,,,,,,,,
1399,次元碎片,,,死亡深度,Jareds_Stone.gif,Weapon,Staves,Rare,Sorceress,30,53,,,,,50,85,66,,,,,,,,,,,
1400,长矛,,,张龙,Spear1.gif,Weapon,Spear,Rare,None,3,15,,,,,30,,5,,,,,,,,,,,
1401,三叉戟,,,剃刀之叉,Trident.gif,Weapon,Spear,Rare,None,9,15,,,38,24,35,,9,,,,,,,,,,,
1402,叉,,,血之偷,Brandistock.gif,Weapon,Spear,Rare,None,7,17,,,40,50,28,,16,,,,,,,,,,,
1403,大战戟,,,雅该长矛,Brandistock.gif,Weapon,Spear,Rare,None,15,23,,,54,35,28,,20,,,,,,,,,,,
1404,矛,,,坦之血杖,Pike.gif,Weapon,Spear,Rare,None,14,63,,,60,45,25,,24,,,,,,,,,,,
1405,巨战长矛,,,穿刺者,Spear1.gif,Weapon,Spear,Normal,None,10,37,,,25,25,30,33,,,,,,,,,,,,
1406,魔鬼之叉,,,水魔陷阱,Trident.gif,Weapon,Spear,Rare,None,19,37,,,77,25,35,36,,,,,,,,,,,,
1407,巨战之叉,,,噬魂叉,Brandistock.gif,Weapon,Spear,Crafted,None,16,40,,,80,95,28,41,,,,,,,,,,,,
1408,三叉长枪,,,宏 森丹,Brandistock.gif,Weapon,Spear,Crafted,None,29,59,,,,,28,44,,,,,,,,,,,,
1409,长枪,,,荣耀的尖塔,Pike.gif,Weapon,Spear,Crafted,None,27,114,,,110,88,25,47,,,,,,,,,,,,
1410,亥伯龙之矛,,,阿里欧克之针,Spear1.gif,Weapon,Spear,Crafted,None,35,119,,,,120,30,43,,,,,,,,,,,,
1411,冥河之枪,,,,Trident.gif,Weapon,Spear,Magic,None,29,114,,,,97,35,49,,,,,,,,,,,,
1412,刺人枪,,,蝮蛇叉,Brandistock.gif,Weapon,Spear,Crafted,None,42,92,,,,134,28,55,,,,,,,,,,,,
1413,鬼魂之矛,,,,Brandistock.gif,Weapon,Spear,Magic,None,18,155,,,,163,28,62,,,,,,,,,,,,
1414,战枪,,,铁柱,Pike.gif,Weapon,Spear,Crafted,None,33,178,,,,106,25,66,,,,,,,,,,,,
1415,短棍,,,祸根之灰,Short_Staff.gif,Weapon,Wand,Normal,None,1,5,,,,,20,1,,,,,,,,,,,,
1416,长棍,,,海蛇之王,Long_Staff.gif,Weapon,Wand,Normal,None,2,8,,,,,30,8,,,,,,,,,,,,
1417,多节棍,,,拉撒罗斯之螺旋,Gnarled_Staff.gif,Weapon,Wand,Rare,None,4,12,,,,,35,12,,,,,,,,,,,,
1418,战斗法杖,卡珊之尺,908,火精灵,Battle_Staff.gif,Weapon,Wand,Sets,None,6,13,,,,,40,17,,,,,,,,,,,,
1419,战斗法杖,阿卡娜的死亡之杖,915,,War_Staff.gif,Weapon,Wand,Sets,None,12,28,,,,,50,24,,,,,,,,,,,,
1420,乔木棒,,,摆动剃刀,Short_Staff.gif,Weapon,Wand,Normal,None,6,21,,,25,,20,18,30,,,,,,,,,,,
1421,六尺棍,,,肋骨粉碎者,Long_Staff.gif,Weapon,Wand,Normal,None,8,26,,,25,,30,35,23,,,,,,,,,,,
1422,杉木之棍,,,五彩的怒气,Gnarled_Staff.gif,Weapon,Wand,Normal,None,11,32,,,25,,35,38,25,,,,,,,,,,,
1423,哥德之棍,,,扭曲之矛,Battle_Staff.gif,Weapon,Wand,Normal,None,14,34,,,25,,40,42,25,,,,,,,,,,,
1424,符文之棍,,,骷髅收集者,War_Staff.gif,Weapon,Wand,Crafted,None,24,58,,,25,,50,47,25,,,,,,,,,,,
1425,手杖,,,,Short_Staff.gif,Weapon,Wand,Normal,None,69,85,,,25,,20,58,43,,,,,,,,,,,
1426,钟乳石之杖,,,,Long_Staff.gif,Weapon,Wand,Normal,None,75,107,,,63,35,30,66,49,,,,,,,,,,,
1427,多节棍,娜吉的解密棒,910,安戴尔的智慧,Lazarusspire.gif,Weapon,Wand,Sets,None,80,93,,,44,37,35,74,55,,,,,150,,,,35,,
1428,树皮之杖,,,,Battle_Staff.gif,Weapon,Wand,Normal,None,65,108,,,52,27,40,83,62,,,,,,,,,,,
1429,执政官之杖,,,梅格之歌的教训,War_Staff.gif,Weapon,Wand,Crafted,None,83,99,,,34,,50,85,66,,,,,,,,,,,
1430,短剑,,,瑞克撒特的挽歌,Short_Sword.gif,Weapon,Sword,Normal,None,2,7,,,,,24,,1,,,,,,,,,,,
1431,弯刀,,,血红新月,Scimitar.gif,Weapon,Sword,Normal,None,2,6,,,,21,22,,5,,,,,,,,,,,
1432,军刀,天使的镰刀,914,格林提斯的肉叉,Sabre.gif,Weapon,Sword,Sets,None,3,8,,,25,25,32,,8,,,,,11,,,,,,
1433,弯形大刀,,,闪耀的镰刀,Falchion.gif,Weapon,Sword,Normal,None,9,17,,,33,,32,,11,,,,,,,,,,,
1434,水晶剑,,,,Crystal_Sword.gif,Weapon,Sword,Normal,None,5,15,,,43,,20,,11,,,,,,,,,,,
1435,阔剑,依森哈德的光之烙铁,926,格瑞斯华尔德的锐利,Isenharts_Lightbrand.gif,Weapon,Sword,Sets,None,7,14,,,48,,32,,15,,,,,10,,,,,,
1436,长剑,克雷得劳之牙,920,地狱瘟疫,Long_sword.gif,Weapon,Sword,Sets,None,3,19,,,55,39,24,,20,,,,,,,,,,,
1437,巨战之剑,死亡之触,921,库尔温的尖端,War_Sword.gif,Weapon,Sword,Sets,None,8,20,,,71,45,44,,27,,,,,65,,,,,,
1438,双手剑,,,影之牙,Twohanded_Sword.gif,Weapon,Sword,Normal,None,2,9,,,35,27,44,,10,,,,,,,,,,,
1439,双刃大刀,,,剥皮灵魂,Claymore.gif,Weapon,Sword,Normal,None,5,12,,,47,,50,,17,,,,,,,,,,,
1440,大剑,,,金麦尔的锥子,Giant_Sword.gif,Weapon,Sword,Normal,None,3,16,,,56,34,50,,21,,,,,,,,,,,
1441,巨剑,,,黑色之舌,Bastard_Sword.gif,Weapon,Sword,Normal,None,7,19,,,62,,40,,24,,,,,,,,,,,
1442,双手饰剑,,,粗齿大锯,Flamberge.gif,Weapon,Sword,Normal,None,9,15,,,70,49,50,,27,,,,,,,,,,,
1443,卓越之剑,,,族长,Great_Sword.gif,Weapon,Sword,Rare,None,10,20,,,100,60,50,,33,,,,,,,,,,,
1444,罗马短剑,,,血书,Short_Sword.gif,Weapon,Sword,Normal,None,11,22,,,25,,24,30,18,,,,,,,,,,,
1445,微弯剑,,,冰刚之眼,Scimitar.gif,Weapon,Sword,Normal,None,12,21,,,25,52,22,43,25,,,,,,,,,,,
1446,虚伪之刃,,,六角之火,Sabre.gif,Weapon,Sword,Crafted,None,13,24,,,58,58,32,35,23,,,,,,,,,,,
1447,圆月弯刀,,,阿里巴巴之刃,Falchion.gif,Weapon,Sword,Normal,None,14,35,,,70,42,32,37,25,,,,,,,,,,,
1448,空间之刃,,,金瑟的裂缝,Crystal_Sword.gif,Weapon,Sword,Normal,None,15,35,,,85,60,20,37,25,,,,,,,,,,,
1449,战斗剑,,,击头者,Broad_Sword.gif,Weapon,Sword,Normal,None,16,34,,,92,43,32,40,25,,,,,,,,,,,
1450,符文剑,,,疫病带原者,Long_sword.gif,Weapon,Sword,Rare,None,17,42,,,103,79,44,44,25,,,,,,,,,,,
1451,古代之剑,,,亚特拉斯,War_Sword.gif,Weapon,Sword,Rare,None,18,43,,,127,88,44,49,25,,,,,,,,,,,
1452,斩铁剑,,,克林铁 弗姆,Twohanded_Sword.gif,Weapon,Sword,Normal,None,19,26,,,73,61,44,37,25,,,,,,,,,,,
1453,双刃镰,,,兵之王,Claymore.gif,Weapon,Sword,Normal,None,20,30,,,91,20,50,42,25,,,,,,,,,,,
1454,长牙剑,,,卑劣躯壳,Giant_Sword.gif,Weapon,Sword,Rare,None,21,37,,,104,71,50,45,25,,,,,,,,,,,
1455,歌德剑,,,云裂,Bastard_Sword.gif,Weapon,Sword,Crafted,None,22,40,,,113,20,40,48,25,,,,,,,,,,,
1456,瑞韩德之剑,,,特迪斯法雷.芙法米,Flamberge.gif,Weapon,Sword,Crafted,None,23,35,,,125,94,50,49,25,,,,,,,,,,,
1457,死刑之剑,,,剑卫,Great_Sword.gif,Weapon,Sword,Crafted,None,24,40,,,170,110,50,54,25,,,,,,,,,,,
1458,刃剑,,,,Short_Sword.gif,Weapon,Sword,Normal,None,25,59,,,150,88,24,56,42,,,,,,,,,,,
1459,土耳其剑,,,迪金杀手,Scimitar.gif,Weapon,Sword,Crafted,None,26,46,,,135,95,22,61,45,,,,,,,,,,,
1460,优雅之剑,,,血月,Sabre.gif,Weapon,Sword,Crafted,None,27,45,,,109,122,32,63,47,,,,,,,,,,,
1461,九头蛇刃,,,,Falchion.gif,Weapon,Sword,Normal,None,28,68,,,142,105,32,69,51,,,,,,,,,,,
1462,幻化之刃,光之军刀,,青色愤怒,Crystal_Sword.gif,Weapon,Sword,Crafted,None,29,35,,,25,136,,73,54,,,,,,,,,,,
1463,征服之剑,,,,Broad_Sword.gif,Weapon,Sword,Normal,None,30,53,,,142,112,32,78,58,,,,,,,,,,,
1464,神秘之剑,沙撒璧歉悔之钴,909,霜风,Sazabis_Cobalt_Redeemer.gif,Weapon,Sword,Sets,None,31,77,,,99,109,24,82,61,,,,,248,5,15,,,,
1465,秘仪之剑,布尔凯索的部族守护,,,War_Sword.gif,Weapon,Sword,Sets,None,32,50,,,147,124,44,85,66,,,,,,,,,,,
1466,传说之剑,,,,Twohanded_Sword.gif,Weapon,Sword,Normal,None,33,56,,,175,100,44,59,44,,,,,,,,,,,
1467,高地之剑,,,,Claymore.gif,Weapon,Sword,Normal,None,34,62,,,171,104,100,66,49,,,,,,,,,,,
1468,炎魔之刃,,,火焰怒吼,Giant_Sword.gif,Weapon,Sword,Normal,None,35,75,,,185,87,50,71,53,,,,,,,,,,,
1469,冠军之剑,,,末日毁灭者,Bastard_Sword.gif,Weapon,Sword,Normal,None,36,54,,,163,103,40,77,57,,,,,,,,,,,
1470,巨神之剑,,,,Flamberge.gif,Weapon,Sword,Normal,None,37,70,,,182,95,50,80,60,,,,,,,,,,,
1471,巨神之刃,布尔凯索的神圣代价,,祖父,Great_Sword.gif,Weapon,Sword,Sets,None,38,65,,,189,110,50,85,63,,,,,,,,,,,
1472,飞刀,,,,Throwing_Knife.gif,Weapon,Daggers,Normal,None,4,9,,,,21,,2,,,,,,,,,,,,
1473,平衡小刀,,,,Balanced_Knife.gif,Weapon,Daggers,Normal,None,6,11,,,,51,,13,,,,,,,,,,,,
1474,飞斧,,,,Throwing_Axe.gif,Weapon,Daggers,Normal,None,8,12,,,,40,,7,,,,,,,,,,,,
1475,平衡斧,,,,Balanced_Axe.gif,Weapon,Daggers,Normal,None,12,15,,,,57,,16,,,,,,,,,,,,
1476,战斗飞镖,,,死亡碎片,Throwing_Knife.gif,Weapon,Daggers,Rare,None,11,24,,,25,52,,31,19,,,,,,,,,,,
1477,巨战飞镖,,,,Balanced_Knife.gif,Weapon,Daggers,Normal,None,14,27,,,25,97,,39,25,,,,,,,,,,,
1478,法兰飞斧,,,圆凿,Throwing_Axe.gif,Weapon,Daggers,Rare,None,18,33,,,25,80,,34,22,,,,,,,,,,,
1479,短战戟,,,,Balanced_Axe.gif,Weapon,Daggers,Magic,None,24,34,,,25,106,,41,25,,,,,,,,,,,
1480,飞刀,,,,Throwing_Knife.gif,Weapon,Daggers,Magic,None,23,54,,,48,141,,64,48,,,,,,,,,,,
1481,翼刀,,,战争之鸟,Balanced_Knife.gif,Weapon,Daggers,Crafted,None,23,39,,,45,142,,77,57,,,,,,,,,,,
1482,飞斧,,,碎片贪噬者,Throwing_Axe.gif,Weapon,Daggers,Crafted,None,15,66,,,88,108,,56,42,,,,,,,,,,,
1483,翼斧,,,撕裂者,Balanced_Axe.gif,Weapon,Daggers,Crafted,None,7,60,,,96,122,,96,60,,,,,,,,,,,
1484,手杖,,,衣洛的火炬,Wand.gif,Weapon,Staves,Rare,None,2,4,,,,,15,2,,,,,,,,,,,,
1485,紫杉之杖,,,漩涡,Yew_Wand.gif,Weapon,Staves,Rare,None,,,,,,,15,12,,,,,,,,,,,,
1486,骨杖,山德的迷信,912,墓穴之脊,Grim_Wand.gif,Weapon,Staves,Sets,None,3,7,,,,,15,18,,,,,,70,,,,,,
1487,残酷之杖,,,乌米的恸哭,Grim_Wand.gif,Weapon,Staves,Rare,None,5,11,,,,,15,26,,,,,,,,,,,,
1488,烧焦之杖,,,自杀支系,Wand.gif,Weapon,Staves,Rare,None,8,18,,,25,,15,31,19,,,,,,,,,,,
1489,净化之杖,,,凯恩碎片,Yew_Wand.gif,Weapon,Staves,Crafted,None,,,,,25,,15,38,25,,,,,,,,,,,
1490,古墓之杖,,,李奥瑞克王的武器,Bone_Wand.gif,Weapon,Staves,Crafted,None,10,22,,,25,,15,43,25,,,,,,,,,,,
1491,洗练法杖,,,,Wand.gif,Weapon,Staves,Magic,None,18,33,,,25,,22,55,41,,,,,,,,,,,
1492,鬼魂之杖,,,,Yew_Wand.gif,Weapon,Staves,Magic,None,,,,,25,,14,65,48,,,,,,,,,,,
1493,巫妖法杖,,,白骨阴影,Bone_Wand.gif,Weapon,Staves,Crafted,None,10,31,,,25,,17,75,56,,,,,,,,,,,
1494,破隐法杖,,,死亡之网,Grim_Wand.gif,Weapon,Staves,Crafted,None,22,28,,,25,,18,86,64,,,,,,,,,,,
1495,男性之弓,,,,Stagbow.gif,Weapon,Bows,Normal,Amazon,7,12,,,30,45,0,14,18,,,,,,,,,,,
1496,反射之弓,,,,Reflexbow.gif,Weapon,Bows,Normal,Amazon,9,19,,,35,60,0,20,27,,,,,,,,,,,
1497,女士之矛,,,,Maidenspear.gif,Weapon,Spear,Normal,Amazon,18,24,,,54,40,28,14,18,,,,,,,,,,,
1498,女士长矛,,,,D2_maiden_pike.gif,Weapon,Spear,Normal,Amazon,23,55,,,63,52,25,20,27,,,,,,,,,,,
1499,女士标枪,,,,Maidenjavelin.gif,Weapon,Spear,Normal,Amazon,6,22,,,33,47,0,17,23,,,,,,,,,,,
1500,灰木之弓,,,,Stagbow.gif,Weapon,Bows,Normal,Amazon,16,29,,,56,66,0,29,39,,,,,,,,,,,
1501,祭典之弓,,,雷山德的指标,Reflexbow.gif,Weapon,Bows,Crafted,Amazon,19,41,,,73,110,0,35,47,,,,,,,,,,,
1502,祭典之矛,,,,Maidenspear.gif,Weapon,Spear,Normal,Amazon,34,51,,,101,80,28,32,43,,,,,,,,,,,
1503,祭典长矛,,,雷山德的侧腹,D2_maiden_pike.gif,Weapon,Spear,Crafted,Amazon,42,101,,,115,98,25,38,51,,,,,,,,,,,
1504,祭典标枪,,,泰坦的复仇,Maidenjavelin.gif,Weapon,Spear,Crafted,Amazon,18,54,,,25,109,0,26,35,,,,,,,,,,,
1505,女族长之弓,,,血鸟的袭击,Stagbow.gif,Weapon,Bows,Crafted,Amazon,20,47,,,87,187,0,39,53,,,,,,,,,,,
1506,大院长之弓,马维娜的施展,901,,Mavinas_caster.gif,Weapon,Bows,Sets,Amazon,14,72,,,108,152,0,58,78,,,,,100,,,,,,
1507,女族长之矛,,,石乌鸦,Maidenspear.gif,Weapon,Spear,Crafted,Amazon,65,95,,,114,142,28,45,61,,,,,,,,,,,
1508,女族长之长矛,,,,D2_maiden_pike.gif,Weapon,Spear,Normal,Amazon,37,153,,,132,149,25,60,81,,,,,,,,,,,
1509,女族长之标枪,,,雷击,Maidenjavelin.gif,Weapon,Spear,Crafted,Amazon,35,66,,,107,151,,48,65,,,,,,,,,,,
1510,诺科蓝遗物,,,,D2_amulet1.gif,Amulets,None,Magic,None,,,,,,,,10,,,,5,,,,,,,,
1511,艾利屈之眼,,,,D2_amulet1.gif,Amulets,None,Magic,None,,,,,,,,15,,,,7,,,,,,,,
1512,玛哈姆橡木古董,,,,Amu3.gif,Amulets,None,Magic,None,,,,,,,,25,,,4,,,,,,,,,
1513,萨拉森的机会,,,,Amu1.gif,Amulets,None,Magic,None,,,,,,,,47,,8,,,,,,,,,,
1514,猫眼,,,,D2_amulet1.gif,Amulets,None,Magic,None,,,,,,,,50,,,,9,,,,,,,,
1515,新月,,,,Amu3.gif,Amulets,None,Magic,None,,,,,,,,50,,,6,,,,,,,,,
1516,亚特玛的圣甲虫,,,,D2_amulet1.gif,Amulets,None,Magic,None,,,,,,,,60,,75,,,,,,,,,,
1517,旭日东升,,,,Amu3.gif,Amulets,None,Magic,None,,,,,,,,65,,,10,,,,,,,,,
1518,马拉的万花筒,,,,Amu1.gif,Amulets,None,Magic,None,,,,,,,,67,,20,,,,,,,,,,
1519,链锁衣,天使的斗篷,914,,Angelicmantle.gif,Armor,None,Sets,None,,,45,48,36,,,12,,,,,,,,,,,,28
1520,轻铠甲,阿卡娜的血肉,915,,Arcannasflesh.gif,Armor,None,Sets,None,,,90,107,41,,,15,,,,,,,,,,,,
1521,骷髅帽,阿卡娜的头,915,,Arcannashead.gif,Headgear,None,Sets,None,,,8,11,15,,,15,,,,,,,,,,,,11
1522,布甲,北极皮毛,916,,Arcticfurs.gif,Armor,None,Sets,None,,,45,51,12,,,2,,10,10,10,10,,,,,,,100
1523,轻型铁手套,北极手套,916,,Arcticmitts.gif,Gloves,None,Sets,None,,,,,45,,,2,,,,,,,,,,,20,
1524,轻扣带,北极捆缚,916,,Arcticbinding.gif,Belts,None,Sets,None,,,3,3,,,,2,,,40,,,,,,,,,30
1525,板甲,狂战士的锁子甲,917,,Berserkers_Hauberk.gif,Armor,None,Sets,None,,,90,95,51,,,3,,,,,,,,,,,,
1526,头盔,狂战士的头戴,917,,Berserkers_Headgear.gif,Headgear,None,Sets,None,,,30,33,26,,,3,,,,,25,,,,,,,15
1527,秘仪之剑,布尔凯索的部族守护,918,,BerkesGod.gif,Weapon,Sword,Sets,None,240,300,,,147,124,,66,,,,,50,50,20,,,,,
1528,巨神之刃,布尔凯索的神圣代价,918,,BerkesDef.gif,Weapon,Sword,Sets,None,150,390,,,189,110,,63,,20,20,20,20,,,,,,,
1529,面具,卡珊的面容,908,,Mask.gif,Headgear,None,Sets,None,,,9,27,23,,,11,,,25,,,,,,,,,
1530,大盾牌,希弗柏的防护,919,,Civerbsward.gif,Weapon,Shields,Sets,None,,,27,29,34,,,9,,25,,,,,,,,,,
1531,小盾牌,克雷得劳之爪,920,,Cleglawsclaw.gif,Weapon,Shields,Sets,None,,,25,27,22,,,4,,,,,,,,,,,,
1532,锁链手套,克雷得劳之钳,920,,Cleglawspincers.gif,Gloves,None,Sets,None,,,8,9,25,,,4,,,,,,,,,,,,
1533,重靴,牛魔王之蹄,907,,Heavy_Boots.gif,Boots,None,Sets,None,,,30,41,18,,,13,,,,,,30,,20,,,,
1534,皮手套,死亡之手,921,,Deathshand.gif,Gloves,None,Sets,None,,,2,3,,,,6,,50,,,,,,,,,,
1535,饰带,死亡的守护,921,,Deathsguard.gif,Belts,None,Sets,None,,,2,2,,,,6,,,,,,,,,,,,20
1536,圆盾,哈斯拉柏的铁拳,923,,Hsarus_Iron_Fist.gif,Weapon,Shields,Sets,None,,,4,6,12,,,3,,,,,,,10,,,,,
1537,扣带,哈斯拉柏的铁胸衣,923,,Hsarus_Iron_Stay.gif,Belts,None,Sets,None,,,5,5,25,,,3,,,25,,,,,,,,25,
1538,锁链靴,哈斯拉柏的铁后跟,923,,Hsarus_Iron_Heel.gif,Boots,None,Sets,None,,,8,9,30,,,3,,,,,25,,,,,,,
1539,比尔长刀,华宁的正义,904,,Voulge.gif,Weapon,Spear,Sets,None,42,159,,,95,,,28,,,,,,65,,,,,,
1540,残酷之杖,地狱的火炬,924,,Grim_Wand.gif,Weapon,Staves,Sets,None,13,14,,,,,,5,,,,,,,,,,,,
1541,重扣带,地狱的符号,924,,Infernal_Sign.gif,Belts,None,Sets,None,,,6,6,45,,,5,,25,,,,8,,,,,20,25
1542,帽子,地狱的头骨,924,,HellGutou.gif,Headgear,None,Sets,None,,,3,5,,,,5,,10,10,10,10,,,,,,,
1543,重扣带,依雷撒之绳,925,,Irathascord.gif,Belts,None,Sets,None,,,6,6,45,,,15,,,,,,5,,10,,,,25
1544,皇冠,依雷撒的线圈,925,,Irathascoil.gif,Headgear,None,Sets,None,,,25,45,55,,,15,,,,30,30,,,,,,,
1545,轻型铁手套,依雷撒的袖口,925,,Irathascuff.gif,Gloves,None,Sets,None,,,9,11,45,,,15,,,30,,,,,,,,,
1546,胸甲,依森哈德的外壳,926,,Isenharts_Case.gif,Armor,None,Sets,None,,,105,108,30,,,8,,,,,,,,,,,,40
1547,歌德盾牌,依森哈德的闪避,926,,Isenharts_Parry.gif,Weapon,Shields,Sets,None,70,75,,,60,,,8,,,,,,4,,,,,,40
1548,高级头盔,依森哈德的号角,926,,Isenharts_Horns.gif,Headgear,None,Sets,None,,,23,26,41,,,8,,,,,,,,6,,,,
1549,古代战甲,米拉伯佳之袍,927,,Milabregas_Robe.gif,Armor,None,Sets,None,,,234,234,100,,,17,,,,,,,,,,,,
1550,轻盾,米拉伯佳之球,927,,Steelclash.gif,Weapon,Shields,Sets,None,44,44,,,47,,,17,,,,,,,,,,,,25
1551,皇冠,米拉伯佳之皇冠,927,,Milabregas_Diadem.gif,Headgear,None,Sets,None,,,25,45,55,,,17,,,,,,,,,,,15,
1552,战场腰带,威廉的自尊,928,,Irathas_Cord.gif,Belts,None,Sets,None,,,37,42,88,,,42,,,,,,,,,,,,35
1553,塔盾,西刚的守护,929,,Sigons_Guard.gif,Weapon,Shields,Sets,None,,,22,25,75,,,6,,,,,,,,,,,,
1554,金属扣带,西刚的披肩,929,,Sigons_Wrap.gif,Belts,None,Sets,None,,,8,11,60,,,6,,,,,,,,,,,20,
1555,铁手套,西刚的挑战,929,,Sigons_Gage.gif,Gloves,None,Sets,None,,,12,15,70,,,6,,,,,,,10,,,,,
1556,护胫,西刚的木鞋,929,,Sigons_Sabot.gif,Boots,None,Sets,None,,,12,15,70,,,6,,,40,,,,,,,,,
1557,卓越头盔,西刚的面甲,929,,Sigons_Visor.gif,Headgear,None,Sets,None,,,55,60,63,,,6,,,,,,,,,,,,25
1558,白骨头盔,坦克雷的骷髅,930,,Tancredsskull.gif,Headgear,None,Sets,None,,,33,36,25,,,20,,,,,,,,,,,,
1559,高级战甲,坦克雷的脊柱,930,,Tancredsspine.gif,Armor,None,Sets,None,,,150,161,80,,,20,,,,,,,15,,,,40,
1560,皮靴,坦克雷的平头钉,930,,Tancredshobnails.gif,Boots,None,Sets,None,,,2,3,,,,20,,,,,,,10,10,,,,
1561,皮甲,维达拉的突袭,932,,Vidalas_Ambush.gif,Armor,None,Sets,None,,,14,17,15,,,14,,,,,,,,11,,,,50
1562,轻金属靴,维达拉的距毛,932,,Vidalasfetlock.gif,Boots,None,Sets,None,,,9,11,50,,,14,,,,,,,,,,150,,
1563,宝箱,,,,horadric_cube.gif,Chest,None,Magic,None,,,,,,,,1,,,,,,,,,,,,
1564,宝箱,,,,horadric_cube.gif,Chest,None,Magic,None,,,,,,,,10,,,,,,,,,,,,
1565,宝箱,,,,horadric_cube.gif,Chest,None,Magic,None,,,,,,,,20,,,,,,,,,,,,
1566,宝箱,,,,horadric_cube.gif,Chest,None,Magic,None,,,,,,,,30,,,,,,,,,,,,
1567,宝箱,,,,horadric_cube.gif,Chest,None,Magic,None,,,,,,,,40,,,,,,,,,,,,
1568,宝箱,,,,horadric_cube.gif,Chest,None,Magic,None,,,,,,,,50,,,,,,,,,,,,
1569,宝箱,,,,horadric_cube.gif,Chest,None,Magic,None,,,,,,,,60,,,,,,,,,,,,
1570,宝箱,,,,horadric_cube.gif,Chest,None,Magic,None,,,,,,,,70,,,,,,,,,,,,
1571,宝箱,,,,horadric_cube.gif,Chest,None,Magic,None,,,,,,,,80,,,,,,,,,,,,
1572,宝箱,,,,horadric_cube.gif,Chest,None,Magic,None,,,,,,,,90,,,,,,,,,,,,
